Título,Ano,Gêneros,Nota,Votacoes,Metascore
Guardians of the Galaxy Vol. 3,2023,"Action, Adventure, Comedy",8.3,96395,64
Peter Pan & Wendy,2023,"Action, Adventure, Comedy",4.1,18143,61
Evil Dead Rise,2023,Horror,6.9,51779,69
Dungeons & Dragons: Honor Among Thieves,2023,"Action, Adventure, Comedy",7.4,87046,72
Dune: Part Two,2023,"Action, Adventure, Drama",,,
The Super Mario Bros. Movie,2023,"Animation, Adventure, Comedy",7.3,98090,
The Hunger Games: The Ballad of Songbirds and Snakes,2023,"Action, Adventure, Drama",,,
Ghosted,2023,"Action, Adventure, Comedy",5.8,34852,
Scream VI,2023,"Horror, Mystery, Thriller",6.7,69193,61
Renfield,2023,"Comedy, Fantasy, Horror",6.4,29583,
The Pope's Exorcist,2023,"Horror, Thriller",6.1,26004,
AKA,2023,"Action, Crime, Thriller",6.7,6102,
Beau Is Afraid,2023,"Comedy, Drama, Horror",7.2,13499,62
John Wick: Chapter 4,2023,"Action, Crime, Thriller",8.2,146076,78
The Little Mermaid,2023,"Adventure, Family, Fantasy",,,
Sisu,2022,"Action, War",7.3,6437,70
The Covenant,2023,"Action, Thriller, War",7.6,18574,63
The Flash,2023,"Action, Adventure, Fantasy",,,
"Are You There God? It's Me, Margaret.",2023,"Comedy, Drama, Family",7.9,2364,86
Nefarious,2023,"Horror, Thriller",6.7,3732,
Air,2023,"Drama, Sport",7.6,39698,73
Gran Turismo,2023,"Action, Adventure, Drama",,,
Guardians of the Galaxy,2014,"Action, Adventure, Comedy",8.0,1209421,76
Dune,2021,"Action, Adventure, Drama",8.0,671904,74
Avatar: The Way of Water,2022,"Action, Adventure, Fantasy",7.7,376879,67
Ant-Man and the Wasp: Quantumania,2023,"Action, Adventure, Comedy",6.2,132515,
Transformers: Rise of the Beasts,2023,"Action, Adventure, Sci-Fi",,,
Clock,2023,"Horror, Thriller",5.0,2394,
X,2022,"Horror, Mystery, Thriller",6.6,128406,79
Cocaine Bear,2023,"Comedy, Thriller",6.0,67201,
The Last Kingdom: Seven Kings Must Die,2023,"Action, Drama, History",6.9,23292,
Guardians of the Galaxy Vol. 2,2017,"Action, Adventure, Comedy",7.6,707223,67
Fast X,2023,"Action, Adventure, Crime",,,
Scream,2022,"Horror, Mystery, Thriller",6.3,135240,
Everything Everywhere All at Once,2022,"Action, Adventure, Comedy",7.9,442187,81
Operation Fortune: Ruse de Guerre,2023,"Action, Comedy, Thriller",6.3,50713,
Knights of the Zodiac,2023,"Action, Adventure, Drama",4.6,2191,
Shazam! Fury of the Gods,2023,"Action, Adventure, Comedy",6.1,66152,
Evil Dead,2013,Horror,6.5,184660,
The Menu,2022,"Comedy, Horror, Thriller",7.2,309705,71
Love Again,2023,"Comedy, Drama, Romance",5.9,1318,
Top Gun: Maverick,2022,"Action, Drama",8.3,582289,78
Barbie,2023,"Adventure, Comedy, Fantasy",,,
Pitch Perfect,2012,"Comedy, Music, Romance",7.1,315415,66
A Man Called Otto,2022,"Comedy, Drama",7.5,73847,
Beautiful Disaster,2023,"Drama, Romance",5.2,2513,
Tetris,2023,"Biography, Drama, History",7.4,44353,61
The Whale,2022,Drama,7.7,140556,
Oppenheimer,2023,"Biography, Drama, History",,,
A Haunting in Venice,2023,"Crime, Drama, Horror",,,
Babylon,2022,"Comedy, Drama, History",7.2,114974,
Mafia Mamma,2023,"Action, Comedy, Crime",5.3,2942,
Wish,2023,"Animation, Adventure, Comedy",,,
65,2023,"Action, Adventure, Drama",5.4,41485,
Bullet Train,2022,"Action, Comedy, Thriller",7.3,353021,
A Good Person,2023,Drama,7.0,7488,
Killers of the Flower Moon,2023,"Crime, Drama, History",,,
Champions,2023,"Comedy, Drama, Sport",6.7,10725,
The Artifice Girl,2022,"Mystery, Sci-Fi, Thriller",6.6,3180,
John Wick,2014,"Action, Crime, Thriller",7.4,689325,68
Suzume,2022,"Animation, Action, Adventure",7.8,15835,77
The Shawshank Redemption,1994,Drama,9.3,2738580,82
Peter Pan,2003,"Adventure, Family, Fantasy",6.8,76683,64
The Godfather,1972,"Crime, Drama",9.2,1904397,100
Nope,2022,"Horror, Mystery, Sci-Fi",6.8,226443,77
Star Wars: Episode VI - Return of the Jedi,1983,"Action, Adventure, Fantasy",8.3,1075244,
Fall,2022,Thriller,6.4,80136,62
Midsommar,2019,"Drama, Horror, Mystery",7.1,349303,72
The Hunger Games,2012,"Action, Adventure, Sci-Fi",7.2,945810,68
Tu Jhoothi Main Makkaar,2023,"Comedy, Romance",6.2,17792,
Pearl,2022,"Drama, Horror, Thriller",7.0,56136,76
Triangle of Sadness,2022,"Comedy, Drama",7.3,131328,63
Whitney Houston: I Wanna Dance with Somebody,2022,"Biography, Drama, Music",6.6,15702,
Puss in Boots: The Last Wish,2022,"Animation, Adventure, Comedy",7.9,126350,73
Spider-Man: Across the Spider-Verse,2023,"Animation, Action, Adventure",,,
Nobody,2021,"Action, Crime, Drama",7.4,282888,64
Invitation to a Murder,2023,"Mystery, Thriller",4.9,800,
Interstellar,2014,"Adventure, Drama, Sci-Fi",8.6,1902710,74
Star Wars: Episode IV - A New Hope,1977,"Action, Adventure, Fantasy",8.6,1390771,90
Heat,1995,"Action, Crime, Drama",8.3,672639,76
Gladiator 2,2024,"Action, Adventure, Drama",,,
The Banshees of Inisherin,2022,"Comedy, Drama",7.7,205526,87
The Tank,2023,"Horror, Thriller",4.6,989,
Fatal Attraction,1987,"Drama, Thriller",6.9,91257,67
Love,2015,"Drama, Romance",6.1,62176,
The Evil Dead,1981,Horror,7.4,220063,71
Hunger,2023,"Drama, Thriller",6.6,9559,
The Batman,2022,"Action, Crime, Drama",7.8,696760,72
Scream,1996,"Horror, Mystery",7.4,362813,65
Wifelike,2022,"Sci-Fi, Thriller",4.9,1917,
Where the Crawdads Sing,2022,"Drama, Mystery, Romance",7.2,95276,
Kisi Ka Bhai Kisi Ki Jaan,2023,"Action, Comedy, Drama",6.8,35599,
Polite Society,2023,"Action, Comedy",7.2,1696,75
Idiocracy,2006,"Adventure, Comedy, Sci-Fi",6.5,170185,66
Last Sentinel,2023,"Drama, Sci-Fi, Thriller",5.1,1955,
Infinity Pool,2023,"Crime, Horror, Mystery",6.1,29137,72
Indiana Jones and the Dial of Destiny,2023,"Action, Adventure",,,
M3GAN,2022,"Horror, Sci-Fi, Thriller",6.4,100375,72
Murder Mystery 2,2023,"Action, Comedy, Crime",5.7,49548,
A Tourist's Guide to Love,2023,"Adventure, Comedy, Romance",5.7,3759,
Girl in the Basement,2021,"Crime, Thriller",6.3,9815,
Winnie the Pooh: Blood and Honey,2023,Horror,3.1,16497,
Harry Potter and the Sorcerer's Stone,2001,"Adventure, Family, Fantasy",7.6,807211,65
Pulp Fiction,1994,"Crime, Drama",8.9,2104484,95
Ponniyin Selvan: Part Two,2023,"Action, Adventure, Drama",8.1,11149,
Ticket to Paradise,2022,"Comedy, Romance",6.1,50730,
Creed III,2023,"Drama, Sport",6.9,55992,73
Smile,2022,"Horror, Mystery, Thriller",6.5,125545,68
The Unbearable Weight of Massive Talent,2022,"Action, Comedy, Crime",7.0,121850,68
Blade Runner 2049,2017,"Action, Drama, Mystery",8.0,601200,81
Top Gun,1986,"Action, Drama",6.9,473163,
Knock at the Cabin,2023,"Horror, Mystery, Thriller",6.1,72187,63
Titanic,1997,"Drama, Romance",7.9,1217042,75
Gladiator,2000,"Action, Adventure, Drama",8.5,1532724,67
Once Upon a Time in Hollywood,2019,"Comedy, Drama",7.6,775287,83
Next Goal Wins,2023,"Comedy, Drama, Sport",,,
Inception,2010,"Action, Adventure, Sci-Fi",8.8,2407029,74
The Dark Knight,2008,"Action, Crime, Drama",9.0,2711601,84
Hereditary,2018,"Drama, Horror, Mystery",7.3,339770,87
Spider-Man: No Way Home,2021,"Action, Adventure, Fantasy",8.2,792359,71
Avengers: Endgame,2019,"Action, Adventure, Drama",8.4,1174969,78
Glass Onion,2022,"Comedy, Crime, Drama",7.1,388638,81
Terrifier 2,2022,Horror,6.2,34230,
The Lord of the Rings: The Fellowship of the Ring,2001,"Action, Adventure, Drama",8.8,1911955,92
The Wolf of Wall Street,2013,"Biography, Comedy, Crime",8.2,1458196,75
Mission: Impossible - Dead Reckoning Part One,2023,"Action, Adventure, Thriller",,,
Scream 4,2011,"Comedy, Horror, Mystery",6.2,160878,
John Wick: Chapter 3 - Parabellum,2019,"Action, Crime, Thriller",7.4,386662,73
The Three Musketeers: D'Artagnan,2023,"Action, Adventure, History",7.1,3857,
Hook,1991,"Adventure, Comedy, Family",6.8,262717,
The Right Stuff,1983,"Adventure, Biography, Drama",7.8,63107,91
Fight Club,1999,Drama,8.8,2180646,66
Sex Drive,2008,"Comedy, Romance",6.5,89346,
Super Mario Bros.,1993,"Adventure, Comedy, Family",4.1,59874,
Wonka,2023,"Adventure, Comedy, Family",,,
Star Wars: Episode I - The Phantom Menace,1999,"Action, Adventure, Fantasy",6.5,823083,
American Psycho,2000,"Crime, Drama, Horror",7.6,653474,64
The Black Demon,2023,"Horror, Sci-Fi, Thriller",4.1,340,
From Black,2023,Horror,5.0,877,
Black Panther: Wakanda Forever,2022,"Action, Adventure, Drama",6.7,264634,67
Above Suspicion,2019,"Action, Biography, Crime",5.7,7271,
Parasite,2019,"Drama, Thriller",8.5,850231,96
The Kerala Story,2023,"Drama, History",7.8,46093,
Plane,2023,"Action, Adventure, Thriller",6.5,50661,62
Goodfellas,1990,"Biography, Crime, Drama",8.7,1188610,92
The Gray Man,2022,"Action, Thriller",6.5,215932,
Assassin Club,2023,"Action, Thriller",4.6,788,
American Graffiti,1973,"Comedy, Drama",7.4,93350,97
Asteroid City,2023,"Comedy, Romance",,,
Dune,1984,"Action, Adventure, Sci-Fi",6.3,165470,
Thor: Love and Thunder,2022,"Action, Adventure, Comedy",6.2,360849,
Beetlejuice 2,2024,"Comedy, Fantasy, Horror",,,
Mighty Morphin Power Rangers: Once & Always,2023,"Action, Adventure, Family",5.8,5135,62
The Equalizer 3,2023,"Action, Crime, Thriller",,,
Aftersun,2022,Drama,7.7,61127,95
Fifty Shades of Grey,2015,"Drama, Romance, Thriller",4.2,325735,
Book Club,2018,"Comedy, Drama, Romance",6.1,29552,
John Wick: Chapter 2,2017,"Action, Crime, Thriller",7.4,473523,75
Jesus Revolution,2023,Drama,7.2,7302,
All Quiet on the Western Front,2022,"Action, Drama, War",7.8,202216,76
The Gentlemen,2019,"Action, Comedy, Crime",7.8,359170,
CODA,2021,"Comedy, Drama, Music",8.0,145243,72
Prisoners,2013,"Crime, Drama, Mystery",8.1,743095,70
Ford v Ferrari,2019,"Action, Biography, Drama",8.1,415964,81
Whiplash,2014,"Drama, Music",8.5,900872,89
Schindler's List,1993,"Biography, Drama, History",9.0,1382254,95
Black Swan,2010,"Drama, Thriller",8.0,787178,79
Big George Foreman,2023,"Biography, Drama, Sport",6.6,846,
F9: The Fast Saga,2021,"Action, Crime, Thriller",5.2,141921,
The Expendables 4,2023,"Action, Adventure, Thriller",,,
Inglourious Basterds,2009,"Adventure, Drama, War",8.3,1487996,69
Barbarian,2022,"Horror, Mystery, Thriller",7.0,146601,78
Don't Worry Darling,2022,"Drama, Thriller",6.2,113770,
To Catch a Killer,2023,"Action, Crime, Drama",7.1,1266,
Se7en,1995,"Crime, Drama, Mystery",8.6,1693262,65
Rogue One: A Star Wars Story,2016,"Action, Adventure, Sci-Fi",7.8,656267,65
The Suicide Squad,2021,"Action, Adventure, Comedy",7.2,370131,72
The Fabelmans,2022,Drama,7.6,87208,84
Luther: The Fallen Sun,2023,"Crime, Drama, Mystery",6.4,49946,
The Northman,2022,"Action, Adventure, Drama",7.0,226889,82
Good Will Hunting,1997,"Drama, Romance",8.3,1000863,70
No Time to Die,2021,"Action, Adventure, Thriller",7.3,417500,68
80 for Brady,2023,"Comedy, Drama, Sport",5.8,6614,
Soft & Quiet,2022,"Drama, Horror, Mystery",6.2,5476,82
Star Wars: The Rise Of Skywalker,2019,"Action, Adventure, Fantasy",6.5,466277,
How to Blow Up a Pipeline,2022,"Crime, Drama, Thriller",7.2,2511,77
Avatar,2009,"Action, Adventure, Fantasy",7.9,1340179,83
The Meg 2: The Trench,2023,"Action, Adventure, Horror",,,
The Glass Castle,2017,"Biography, Drama",7.1,35791,
Hypnotic,2023,"Action, Mystery, Thriller",5.7,915,
Knives Out,2019,"Comedy, Crime, Drama",7.9,725179,82
Forrest Gump,1994,"Drama, Romance",8.8,2130977,82
Baywatch,2017,"Action, Comedy, Crime",5.5,193034,
The Grand Budapest Hotel,2014,"Adventure, Comedy, Crime",8.1,836084,88
Book Club: The Next Chapter,2023,Comedy,5.6,333,
True Lies,1994,"Action, Comedy, Thriller",7.3,268293,63
Dasara,2023,"Action, Adventure, Drama",6.9,6736,
Knock Knock,2015,"Crime, Drama, Horror",4.9,98742,
Get Out,2017,"Horror, Mystery, Thriller",7.7,638599,85
Missing,2023,"Drama, Mystery, Thriller",7.1,28491,66
Mad Max: Fury Road,2015,"Action, Adventure, Sci-Fi",8.1,1027579,90
Local Hero,1983,"Comedy, Drama",7.3,25232,82
Back to the Future,1985,"Adventure, Comedy, Sci-Fi",8.5,1235335,87
Joker: Folie à Deux,2024,"Crime, Drama, Musical",,,
Mean Girls,2004,Comedy,7.1,397864,66
The Departed,2006,"Crime, Drama, Thriller",8.5,1353147,85
Joker,2019,"Crime, Drama, Thriller",8.4,1348500,
The Hunger Games: Catching Fire,2013,"Action, Adventure, Sci-Fi",7.5,682418,76
Jurassic Park,1993,"Action, Adventure, Sci-Fi",8.2,1011699,68
Tár,2022,"Drama, Music",7.5,70872,92
Amsterdam,2022,"Comedy, Drama, History",6.1,76161,
Quasi,2023,"Comedy, Drama",5.3,1864,
The Matrix,1999,"Action, Sci-Fi",8.7,1953390,73
American Pie,1999,Comedy,7.0,416970,
BlackBerry,2023,"Biography, Comedy, Drama",7.9,872,82
The Pale Blue Eye,2022,"Crime, Horror, Mystery",6.6,104701,
The Goonies,1985,"Adventure, Comedy, Family",7.7,284274,62
Galaxy Quest,1999,"Adventure, Comedy, Sci-Fi",7.4,169179,70
Star Wars: Episode V - The Empire Strikes Back,1980,"Action, Adventure, Fantasy",8.7,1318235,82
Blonde,2022,"Biography, Drama, Romance",5.5,65655,
Troy,2004,Drama,7.3,547283,
Léon: The Professional,1994,"Action, Crime, Drama",8.5,1186527,64
Dead Ringers,1988,"Drama, Horror, Thriller",7.2,50541,86
The Silence of the Lambs,1991,"Crime, Drama, Thriller",8.6,1464244,86
Alien,1979,"Horror, Sci-Fi",8.5,901404,89
Twister,1996,"Action, Adventure, Thriller",6.4,202499,68
Boston Strangler,2023,"Crime, Drama, History",6.5,22421,
Taxi Driver,1976,"Crime, Drama",8.2,861260,94
Saving Private Ryan,1998,"Drama, War",8.6,1420346,91
The Wicker Man,1973,"Horror, Mystery, Thriller",7.5,84753,87
Tenet,2020,"Action, Sci-Fi, Thriller",7.3,528478,69
Black Adam,2022,"Action, Adventure, Fantasy",6.3,244316,
Spider-Man: Into the Spider-Verse,2018,"Animation, Action, Adventure",8.4,560290,87
Kingsman: The Secret Service,2014,"Action, Adventure, Comedy",7.7,684567,
Moana,2016,"Animation, Adventure, Comedy",7.6,350284,81
Elvis,2022,"Biography, Drama, Music",7.3,207142,64
Apocalypse Now,1979,"Drama, Mystery, War",8.4,680919,94
Spider-Man,2002,"Action, Adventure, Sci-Fi",7.4,836396,73
I See You,2019,"Crime, Drama, Mystery",6.8,58599,65
American Beauty,1999,Drama,8.3,1171976,84
Avengers: Infinity War,2018,"Action, Adventure, Sci-Fi",8.4,1118710,68
A Serbian Film,2010,"Horror, Mystery, Thriller",5.0,67268,
Star Wars: Episode III - Revenge of the Sith,2005,"Action, Adventure, Fantasy",7.6,810034,68
Jurassic World: Dominion,2022,"Action, Adventure, Sci-Fi",5.6,182565,
A League of Their Own,1992,"Comedy, Drama, Sport",7.3,114368,69
Deadpool 2,2018,"Action, Adventure, Comedy",7.6,603148,66
Pride & Prejudice,2005,"Drama, Romance",7.8,307352,82
It,2017,Horror,7.3,567832,69
Aquaman and the Lost Kingdom,2023,"Action, Adventure, Fantasy",,,
Beetlejuice,1988,"Comedy, Fantasy",7.5,314730,70
The French Dispatch,2021,"Comedy, Drama, Romance",7.1,132684,74
Deadpool,2016,"Action, Comedy",8.0,1064946,65
The Fifth Element,1997,"Action, Adventure, Sci-Fi",7.6,485079,
My Cousin Vinny,1992,"Comedy, Crime",7.6,131615,68
Napoleon,2023,"Action, Biography, Drama",,,
The Lord of the Rings: The Return of the King,2003,"Action, Adventure, Drama",9.0,1883148,94
RRR,2022,"Action, Drama",7.8,149111,83
Matilda,1996,"Comedy, Family, Fantasy",7.0,163318,72
The Blue Lagoon,1980,"Adventure, Drama, Romance",5.8,73517,
Star Wars: Episode VII - The Force Awakens,2015,"Action, Adventure, Sci-Fi",7.8,945947,80
On a Wing and a Prayer,2023,Drama,5.5,3217,
Stillwater,2021,"Crime, Drama, Thriller",6.6,47687,
Evil Dead II,1987,"Comedy, Horror",7.7,172374,72
Free Guy,2021,"Action, Adventure, Comedy",7.1,389013,62
Sing 2,2021,"Animation, Adventure, Comedy",7.4,74821,
Dazed and Confused,1993,Comedy,7.6,190437,80
Grease,1978,"Comedy, Musical, Romance",7.2,286368,70
The Green Mile,1999,"Crime, Drama, Fantasy",8.6,1331809,61
The Shining,1980,"Drama, Horror",8.4,1046605,66
Requiem for a Dream,2000,Drama,8.3,860019,71
The Exorcist,1973,Horror,8.1,420161,81
The Outsiders,1983,"Crime, Drama",7.0,90907,
The Invitation,2022,"Horror, Thriller",5.3,25321,
Doctor Strange in the Multiverse of Madness,2022,"Action, Adventure, Fantasy",6.9,436808,
Blade Runner,1982,"Action, Drama, Sci-Fi",8.1,786314,84
Murder Mystery,2019,"Action, Comedy, Crime",6.0,154378,
The Wizard of Oz,1939,"Adventure, Family, Fantasy",8.1,409560,92
No Country for Old Men,2007,"Crime, Drama, Thriller",8.2,999054,92
The Notebook,2004,"Drama, Romance",7.8,586933,
Three Thousand Years of Longing,2022,"Drama, Fantasy, Romance",6.7,45320,
The Little Things,2021,"Crime, Drama, Mystery",6.3,111108,
Little Women,2019,"Drama, Romance",7.8,218233,91
12 Angry Men,1957,"Crime, Drama",9.0,810563,97
The Fallout,2021,Drama,7.0,27488,84
After,2019,"Drama, Romance",5.3,59082,
Speed,1994,"Action, Adventure, Thriller",7.3,375498,78
Pirates of the Caribbean: The Curse of the Black Pearl,2003,"Action, Adventure, Fantasy",8.1,1151128,63
Death on the Nile,2022,"Crime, Drama, Mystery",6.3,160706,
Strange Way of Life,2023,"Short, Drama, Western",,,
No Hard Feelings,2023,Comedy,,,
The Black Phone,2021,"Horror, Thriller",6.9,165464,65
The Prestige,2006,"Drama, Mystery, Sci-Fi",8.5,1361446,66
Iron Man,2008,"Action, Adventure, Sci-Fi",7.9,1080097,79
Close,2022,Drama,7.8,21184,81
Chicken Run: Dawn of the Nugget,,"Animation, Adventure, Comedy",,,
Gone Girl,2014,"Drama, Mystery, Thriller",8.1,1006367,79
Shutter Island,2010,"Mystery, Thriller",8.2,1356615,63
The Meg,2018,"Action, Horror, Sci-Fi",5.6,178703,
Django Unchained,2012,"Drama, Western",8.4,1595255,81
Twilight,2008,"Drama, Fantasy, Romance",5.3,470841,
Shazam!,2019,"Action, Adventure, Comedy",7.0,361690,71
Chevalier,2022,"Biography, Drama, History",6.7,1300,67
One Flew Over the Cuckoo's Nest,1975,Drama,8.7,1026788,84
Bodies Bodies Bodies,2022,"Comedy, Horror, Thriller",6.2,49173,69
The Hangover,2009,Comedy,7.7,806090,73
Star Wars: Episode II - Attack of the Clones,2002,"Action, Adventure, Fantasy",6.6,727904,
Hotel Desire,2011,"Short, Drama, Romance",5.7,3878,
Don't Look Up,2021,"Comedy, Drama, Sci-Fi",7.2,556306,
Scream 2,1997,"Horror, Mystery",6.3,196525,63
The Exorcist,2023,Horror,,,
The Fast and the Furious,2001,"Action, Crime, Thriller",6.8,396092,
Hacksaw Ridge,2016,"Biography, Drama, History",8.1,547619,71
The Mummy,1999,"Action, Adventure, Fantasy",7.1,443009,
Stand by Me,1986,"Adventure, Drama",8.1,416342,75
From Dusk Till Dawn,1996,"Action, Crime, Horror",7.2,324456,
Wrath of Man,2021,"Action, Crime, Thriller",7.1,189128,
The Tomorrow War,2021,"Action, Adventure, Drama",6.5,213512,
Conan the Barbarian,1982,"Action, Adventure, Fantasy",6.9,154870,
The Breakfast Club,1985,"Comedy, Drama",7.8,412720,66
Wind River,2017,"Crime, Drama, Mystery",7.7,261777,73
The Big Lebowski,1998,"Comedy, Crime",8.1,825652,71
Inside,2023,"Drama, Thriller",5.5,8209,
The Age of Adaline,2015,"Drama, Fantasy, Romance",7.2,189645,
Five Nights at Freddy's,2023,Horror,,,
Eyes Wide Shut,1999,"Drama, Mystery, Thriller",7.5,353562,68
Her,2013,"Drama, Romance, Sci-Fi",8.0,634291,91
The Dreamers,2003,"Drama, Romance",7.1,125826,62
Eternals,2021,"Action, Adventure, Fantasy",6.3,357463,
Your Name.,2016,"Animation, Drama, Fantasy",8.4,285013,79
We're the Millers,2013,"Comedy, Crime",7.0,462533,
The Equalizer,2014,"Action, Crime, Thriller",7.2,383564,
Oldboy,2003,"Action, Drama, Mystery",8.4,594697,77
The Girl Who Escaped: The Kara Robinson Story,2023,"Crime, Drama, Thriller",6.2,1662,
The Woman King,2022,"Action, Drama, History",6.8,60010,77
Pretty Baby,1978,Drama,6.5,11981,66
Sing,2016,"Animation, Comedy, Family",7.1,178119,
The Lion King,1994,"Animation, Adventure, Drama",8.5,1082531,88
The King's Man,2021,"Action, Adventure, Thriller",6.3,157081,
Deadpool 3,2024,"Action, Comedy, Sci-Fi",,,
The Unlikely Pilgrimage of Harold Fry,2023,Drama,6.9,647,
Sicario,2015,"Action, Crime, Drama",7.6,445005,82
The Princess Bride,1987,"Adventure, Comedy, Family",8.0,435420,77
Snow White,2024,"Adventure, Drama, Family",,,
Encanto,2021,"Animation, Comedy, Family",7.2,235563,75
"The Chronicles of Narnia: The Lion, the Witch and the Wardrobe",2005,"Adventure, Family, Fantasy",6.9,409448,75
Fool's Paradise,2023,Comedy,5.5,357,
365 Days,2020,"Drama, Romance",3.3,93014,
The Dilemma,2011,"Comedy, Drama",5.3,55692,
Kids,1995,Drama,7.0,81249,63
Drive,2011,"Action, Drama",7.8,662533,78
Wicked,2024,"Comedy, Drama, Family",,,
Somewhere in Queens,2022,"Comedy, Drama",7.6,479,61
The Godfather Part II,1974,"Crime, Drama",9.0,1298006,90
Scarface,1983,"Crime, Drama",8.3,863792,65
The Father,2020,"Drama, Mystery",8.2,167220,88
Army of Darkness,1992,"Comedy, Horror",7.4,185531,
Chupa,2023,"Action, Adventure, Drama",5.5,5327,
Not Another Teen Movie,2001,Comedy,5.7,109604,
Call Me by Your Name,2017,"Drama, Romance",7.8,287315,94
Deep Water,2022,"Drama, Mystery, Thriller",5.4,50371,
Aliens,1986,"Action, Adventure, Sci-Fi",8.4,731201,84
Solo: A Star Wars Story,2018,"Action, Adventure, Sci-Fi",6.9,359719,62
Valley Girl,1983,"Comedy, Romance",6.4,16847,66
The Human Centipede (First Sequence),2009,Horror,4.4,82380,
The Machine,2023,"Action, Comedy",,,
The Portable Door,2023,Fantasy,6.0,4074,
Living,2022,Drama,7.2,18241,81
Transformers,2007,"Action, Adventure, Sci-Fi",7.0,650365,61
Bohemian Rhapsody,2018,"Biography, Drama, Music",7.9,554732,
Spider-Man: Homecoming,2017,"Action, Adventure, Sci-Fi",7.4,677726,73
Spirited Away,2001,"Animation, Adventure, Family",8.6,787227,96
Game Night,2018,"Action, Adventure, Comedy",6.9,243619,66
Dracula,1992,"Drama, Fantasy, Horror",7.4,225082,
The Martian,2015,"Adventure, Drama, Sci-Fi",8.0,877293,80
The Dark Knight Rises,2012,"Action, Drama, Thriller",8.4,1737943,78
The Matrix Resurrections,2021,"Action, Sci-Fi",5.7,260249,63
Super 8,2011,"Action, Mystery, Sci-Fi",7.0,360390,72
Eternal Sunshine of the Spotless Mind,2004,"Drama, Romance, Sci-Fi",8.3,1029263,89
The Mother,2023,"Action, Thriller",5.5,7266,
Bad Boy,2023,"Comedy, Drama, Romance",8.7,8298,
Scream 3,2000,"Horror, Mystery",5.6,154138,
Old,2021,"Drama, Horror, Mystery",5.8,133891,
2001: A Space Odyssey,1968,"Adventure, Sci-Fi",8.3,683869,84
Hellhole,2022,"Horror, Mystery",5.8,6094,
Promising Young Woman,2020,"Crime, Drama, Mystery",7.5,186846,73
The Marvels,2023,"Action, Adventure, Fantasy",,,
The Help,2011,Drama,8.1,471441,62
Indiana Jones and the Raiders of the Lost Ark,1981,"Action, Adventure",8.4,984209,85
Arrival,2016,"Drama, Mystery, Sci-Fi",7.9,716899,81
Ex Machina,2014,"Drama, Sci-Fi, Thriller",7.7,560512,78
Room in Rome,2010,"Drama, Romance",6.1,25149,
Dodgeball: A True Underdog Story,2004,"Comedy, Sport",6.7,257193,
Chicken Run,2000,"Animation, Adventure, Comedy",7.1,198560,88
Scott Pilgrim vs. the World,2010,"Action, Comedy, Fantasy",7.5,440784,69
The Lion King,2019,"Animation, Adventure, Drama",6.8,253150,
"Crazy, Stupid, Love.",2011,"Comedy, Drama, Romance",7.4,532812,68
Sharper,2023,"Crime, Drama, Thriller",6.6,20908,65
Zack Snyder's Justice League,2021,"Action, Adventure, Fantasy",8.0,411486,
The Conjuring,2013,"Horror, Mystery, Thriller",7.5,523604,68
Lolita,1997,"Drama, Romance",6.8,62377,
Demon Slayer: Kimetsu No Yaiba - To the Swordsmith Village,2023,"Animation, Action, Adventure",6.7,4897,
A Clockwork Orange,1971,"Crime, Sci-Fi",8.3,846331,77
School of Rock,2003,"Comedy, Music",7.2,315686,82
Catch Me If You Can,2002,"Biography, Crime, Drama",8.1,1017811,75
Kraven the Hunter,2023,"Action, Adventure, Sci-Fi",,,
Ready Player One,2018,"Action, Adventure, Sci-Fi",7.4,452670,64
Tombstone,1993,"Biography, Drama, History",7.8,155454,
Paprika,1991,Drama,5.5,4341,
The Hateful Eight,2015,"Crime, Drama, Mystery",7.8,621924,68
The Greatest Showman,2017,"Biography, Drama, Musical",7.5,292051,
The Handmaiden,2016,"Drama, Romance, Thriller",8.1,156336,84
The Good Nurse,2022,"Biography, Crime, Drama",6.8,68776,65
The Thing,1982,"Horror, Mystery, Sci-Fi",8.2,437464,
10 Things I Hate About You,1999,"Comedy, Drama, Romance",7.3,356896,70
Star Wars: Episode VIII - The Last Jedi,2017,"Action, Adventure, Fantasy",6.9,646561,84
Megan Is Missing,2011,"Drama, Horror, Thriller",4.6,13708,
American Hustle,2013,"Crime, Drama",7.2,488113,90
Prometheus,2012,"Adventure, Mystery, Sci-Fi",7.0,620844,64
What's Love Got to Do with It?,2022,"Comedy, Romance",6.3,4074,
The Pianist,2002,"Biography, Drama, Music",8.5,853760,85
The Hunt,2020,"Action, Horror, Thriller",6.5,119467,
Empire of Light,2022,"Drama, Romance",6.6,17576,
Black Hawk Down,2001,"Action, Drama, History",7.7,406186,74
Mulholland Drive,2001,"Drama, Mystery, Thriller",7.9,366123,86
Uncharted,2022,"Action, Adventure",6.3,226472,
Memento,2000,"Mystery, Thriller",8.4,1261098,81
1917,2019,"Action, Drama, War",8.2,618335,78
Captain America: The First Avenger,2011,"Action, Adventure, Sci-Fi",6.9,862804,66
Poker Face,2022,"Action, Crime, Thriller",5.1,9007,
The Usual Suspects,1995,"Crime, Drama, Mystery",8.5,1102602,77
Harry Potter and the Goblet of Fire,2005,"Adventure, Family, Fantasy",7.7,645380,81
Inside Man,2006,"Crime, Drama, Mystery",7.6,382998,76
Pitch Perfect 2,2015,"Comedy, Music",6.4,162675,63
Talk to Me,2022,"Horror, Thriller",7.3,478,72
Jaws,1975,"Adventure, Mystery, Thriller",8.1,622202,87
Split,2016,"Horror, Thriller",7.3,516258,62
Malignant,2021,"Crime, Horror, Mystery",6.2,97425,
Dunkirk,2017,"Action, Drama, History",7.8,680412,94
Office Space,1999,Comedy,7.6,275043,68
The Fate of the Furious,2017,"Action, Crime, Thriller",6.6,239362,
The Avengers,2012,"Action, Sci-Fi",8.0,1413431,69
Cars,2006,"Animation, Adventure, Comedy",7.2,437651,73
Basic Instinct,1992,"Drama, Mystery, Thriller",7.0,207635,
Suicide Squad,2016,"Action, Adventure, Fantasy",5.9,698193,
Bones and All,2022,"Drama, Horror, Romance",6.8,40489,74
The Towering Inferno,1974,"Action, Drama, Thriller",7.0,45908,69
Fast & Furious,2009,"Action, Crime, Thriller",6.5,295252,
Magic Mike's Last Dance,2023,"Comedy, Drama",5.3,9469,
Donnie Darko,2001,"Drama, Mystery, Sci-Fi",8.0,818084,88
National Lampoon's Animal House,1978,Comedy,7.4,125006,79
Come and See,1985,"Drama, Thriller, War",8.4,85362,
There Will Be Blood,2007,Drama,8.2,601078,93
Green Book,2018,"Biography, Comedy, Drama",8.2,516897,69
Aquaman,2018,"Action, Adventure, Fantasy",6.8,489872,
Last Night in Soho,2021,"Drama, Horror, Mystery",7.0,149335,65
A Time to Kill,1996,"Crime, Drama, Thriller",7.5,168905,
Point Break,1991,"Action, Crime, Thriller",7.2,190965,
Kill Bill: Vol. 1,2003,"Action, Crime, Drama",8.2,1138511,69
Heatwave,2022,Thriller,5.0,1109,
Batman,1989,"Action, Adventure",7.5,386457,69
The Boogeyman,2023,"Horror, Mystery, Thriller",,,
Jumanji: Welcome to the Jungle,2017,"Action, Adventure, Comedy",6.9,395663,
300,2006,"Action, Drama",7.6,835269,
Superbad,2007,Comedy,7.6,598674,76
Black Widow,2021,"Action, Adventure, Sci-Fi",6.7,395303,68
Alice in Wonderland,2010,"Adventure, Family, Fantasy",6.4,424724,
The Hunger Games: Mockingjay - Part 2,2015,"Action, Adventure, Sci-Fi",6.5,342077,65
"Salò, or the 120 Days of Sodom",1975,Drama,5.8,62656,
Charlie and the Chocolate Factory,2005,"Adventure, Comedy, Family",6.7,495738,72
The Terminator,1984,"Action, Sci-Fi",8.1,883634,84
Peter Pan,1953,"Animation, Adventure, Family",7.3,145835,76
Alien: Covenant,2017,"Horror, Sci-Fi, Thriller",6.4,289147,65
Murder on the Orient Express,2017,"Crime, Drama, Mystery",6.5,268121,
Weird: The Al Yankovic Story,2022,"Comedy, Crime, Music",6.9,29034,70
Godzilla vs. Kong,2021,"Action, Sci-Fi, Thriller",6.3,219002,
Moneyball,2011,"Biography, Drama, Sport",7.6,438146,87
Insidious: The Red Door,2023,"Horror, Mystery, Thriller",,,
The Bubble,2022,Comedy,4.7,26615,
Women Talking,2022,Drama,6.9,29341,79
The Truman Show,1998,"Comedy, Drama",8.2,1113885,90
Deliverance,1972,"Adventure, Drama, Thriller",7.7,113911,80
Psycho,1960,"Horror, Mystery, Thriller",8.5,686178,97
The Hunger Games: Mockingjay - Part 1,2014,"Action, Adventure, Sci-Fi",6.6,470627,64
The VVitch: A New-England Folktale,2015,"Drama, Fantasy, Horror",6.9,275804,83
The Hunt,2012,Drama,8.3,340424,77
Logan,2017,"Action, Drama, Sci-Fi",8.1,785244,77
City of God,2002,"Crime, Drama",8.6,769514,79
Mission: Impossible - Fallout,2018,"Action, Adventure, Thriller",7.7,343869,86
Pearl Harbor,2001,"Action, Drama, History",6.2,340339,
La La Land,2016,"Comedy, Drama, Music",8.0,613558,94
Nymphomaniac: Vol. I,2013,Drama,6.9,127394,64
Beauty and the Beast,2017,"Adventure, Family, Fantasy",7.1,318267,65
Braveheart,1995,"Biography, Drama, History",8.4,1054106,68
Ocean's Eight,2018,"Action, Comedy, Crime",6.3,228595,61
Ratatouille,2007,"Animation, Adventure, Comedy",8.1,763656,96
The Lord of the Rings: The Two Towers,2002,"Action, Adventure, Drama",8.8,1699895,87
Elemental,2023,"Animation, Adventure, Comedy",,,
Jojo Rabbit,2019,"Comedy, Drama, War",7.9,408733,
Full Metal Jacket,1987,"Drama, War",8.3,757206,78
Face/Off,1997,"Action, Crime, Sci-Fi",7.3,386716,82
The Big Short,2015,"Biography, Comedy, Drama",7.8,445743,81
White Men Can't Jump,2023,"Comedy, Drama, Sport",,,
American Gangster,2007,"Biography, Crime, Drama",7.8,435760,76
Valerian and the City of a Thousand Planets,2017,"Action, Adventure, Fantasy",6.4,187859,
Chokehold,2023,"Drama, Thriller",5.8,2993,
The Irishman,2019,"Biography, Crime, Drama",7.8,402376,94
Ghostbusters: Afterlife,2021,"Adventure, Comedy, Fantasy",7.1,191574,
"Three Billboards Outside Ebbing, Missouri",2017,"Comedy, Crime, Drama",8.1,524745,88
Harry Potter and the Deathly Hallows: Part 2,2011,"Adventure, Family, Fantasy",8.1,898391,85
Terminator 2: Judgment Day,1991,"Action, Sci-Fi",8.6,1120808,75
Starship Troopers,1997,"Action, Adventure, Sci-Fi",7.3,304190,
Snatch,2000,"Comedy, Crime",8.2,872404,
"The Good, the Bad and the Ugly",1966,"Adventure, Western",8.8,775694,90
Jumanji,1995,"Adventure, Comedy, Family",7.0,357416,
American Sniper,2014,"Action, Biography, Drama",7.3,501745,72
Dirty Dancing,1987,"Drama, Music, Romance",7.0,242037,65
Boogie Nights,1997,Drama,7.9,272249,85
We Have a Ghost,2023,"Adventure, Comedy, Family",6.1,25459,
Casino,1995,"Crime, Drama",8.2,533374,73
Batman Begins,2005,"Action, Crime, Drama",8.2,1500010,70
Mortal Kombat,2021,"Action, Adventure, Fantasy",6.0,180344,
The Cabin in the Woods,2011,"Horror, Mystery, Thriller",7.0,430108,72
Reservoir Dogs,1992,"Crime, Thriller",8.3,1040825,81
Booksmart,2019,Comedy,7.1,124013,84
Hamilton,2020,"Biography, Drama, History",8.3,100882,89
The Voyeurs,2021,"Drama, Mystery, Thriller",6.0,25051,
The Ballad of Buster Scruggs,2018,"Comedy, Drama, Musical",7.3,155287,79
Dead Poets Society,1989,"Comedy, Drama",8.1,508205,79
Brokeback Mountain,2005,"Drama, Romance",7.7,366897,87
The Magnificent Seven,2016,"Action, Adventure, Drama",6.8,218635,
Terrifier,2016,"Horror, Thriller",5.6,41453,
Malena,2000,"Drama, Romance, War",7.4,106558,
Sid Is Dead,2023,"Comedy, Drama",5.6,173,
Harry Potter and the Prisoner of Azkaban,2004,"Adventure, Family, Fantasy",7.9,653956,82
Bed Rest,2022,"Drama, Horror, Mystery",5.1,1622,
Prey,2022,"Action, Adventure, Drama",7.1,206007,71
Shang-Chi and the Legend of the Ten Rings,2021,"Action, Adventure, Fantasy",7.4,400406,71
Uncut Gems,2019,"Crime, Drama, Thriller",7.4,295807,91
Zodiac,2007,"Crime, Drama, Mystery",7.7,560127,79
Kingsman: The Golden Circle,2017,"Action, Adventure, Comedy",6.7,342213,
The Lost City,2022,"Action, Adventure, Comedy",6.1,133490,
White Noise,2022,"Comedy, Drama, Horror",5.7,38303,66
Fast Times at Ridgemont High,1982,"Comedy, Drama",7.1,109367,61
The Quiet Girl,2022,Drama,7.7,12928,89
Magnolia,1999,Drama,8.0,318935,78
Licorice Pizza,2021,"Comedy, Drama, Romance",7.2,126852,90
American History X,1998,"Crime, Drama",8.5,1141355,62
Fury,2014,"Action, Drama, War",7.5,510663,64
Fighting with My Family,2019,"Biography, Comedy, Drama",7.1,84240,68
Apocalypto,2006,"Action, Adventure, Drama",7.8,319613,68
Fargo,1996,"Crime, Thriller",8.1,691485,86
After We Collided,2020,"Drama, Romance",5.0,34267,
Romeo + Juliet,1996,"Drama, Romance",6.7,235402,
Superman,1978,"Action, Adventure, Sci-Fi",7.4,180223,82
Fantastic Mr. Fox,2009,"Animation, Adventure, Comedy",7.9,244249,83
The Nice Guys,2016,"Action, Comedy, Crime",7.3,341358,70
Draft Day,2014,"Drama, Sport",6.8,63297,
The Fast and the Furious: Tokyo Drift,2006,"Action, Crime, Thriller",6.0,281013,
Pan,2015,"Action, Adventure, Comedy",5.7,65785,
The Sixth Sense,1999,"Drama, Mystery, Thriller",8.2,1009398,64
Gods of Egypt,2016,"Action, Adventure, Drama",5.4,120742,
Black Panther,2018,"Action, Adventure, Sci-Fi",7.3,800066,88
The Amazing Spider-Man,2012,"Action, Adventure, Sci-Fi",6.9,670938,66
West Side Story,2021,"Crime, Drama, Musical",7.2,88105,85
Once Upon a Time in America,1984,"Crime, Drama",8.3,359503,75
Wanted,2008,"Action, Crime, Thriller",6.7,397295,64
Cinderella,2015,"Adventure, Drama, Family",6.9,182078,67
Monamour,2005,Drama,5.2,5780,
Mid90s,2018,"Comedy, Drama",7.3,70827,66
The Son,2022,Drama,6.3,7605,
The Guilty,2021,"Crime, Drama, Thriller",6.3,134544,63
Teenage Mutant Ninja Turtles: Mutant Mayhem,2023,"Animation, Action, Adventure",,,
The Little Mermaid,1989,"Animation, Adventure, Family",7.6,272128,88
Time Trap,2017,"Action, Adventure, Mystery",6.2,39619,
Man of Steel,2013,"Action, Adventure, Sci-Fi",7.1,785077,
The Family That Preys,2008,Drama,5.9,7537,
12 Strong,2018,"Action, Drama, History",6.5,85817,
Ant-Man,2015,"Action, Comedy, Sci-Fi",7.3,690768,64
Almost Famous,2000,"Adventure, Comedy, Drama",7.9,283104,90
Harry Potter and the Chamber of Secrets,2002,"Adventure, Family, Fantasy",7.4,654915,63
You People,2023,"Comedy, Romance",5.5,55534,
Mamma Mia!,2008,"Comedy, Musical, Romance",6.5,255760,
Alita: Battle Angel,2019,"Action, Adventure, Sci-Fi",7.3,278157,
Lucy,2014,"Action, Sci-Fi, Thriller",6.4,510776,61
Insidious,2010,"Horror, Mystery, Thriller",6.8,318078,
Ferris Bueller's Day Off,1986,Comedy,7.8,368734,61
Baby Driver,2017,"Action, Crime, Drama",7.6,564518,86
Fantastic Beasts: The Secrets of Dumbledore,2022,"Adventure, Family, Fantasy",6.2,152146,
Crazy Rich Asians,2018,"Comedy, Drama, Romance",6.9,179790,74
Sonic the Hedgehog 2,2022,"Action, Adventure, Comedy",6.5,74234,
A Thousand and One,2023,"Crime, Drama",7.1,2005,81
Rocky,1976,"Drama, Sport",8.1,596917,70
Jumanji: The Next Level,2019,"Action, Adventure, Comedy",6.7,262436,
Jeanne du Barry,2023,"Biography, Drama, History",,,
Conan the Destroyer,1984,"Action, Adventure, Fantasy",5.9,82597,
The Lorax,2012,"Animation, Adventure, Comedy",6.4,119766,
Space Oddity,2022,"Comedy, Romance, Sci-Fi",5.5,518,
Red Sparrow,2018,"Action, Drama, Thriller",6.6,192129,
Blue Is the Warmest Colour,2013,"Drama, Romance",7.7,156906,90
Pathaan,2023,"Action, Adventure, Thriller",6.0,138651,
Capernaum,2018,Drama,8.4,94757,75
About Time,2013,"Comedy, Drama, Fantasy",7.8,363538,
The Lobster,2015,"Drama, Romance, Sci-Fi",7.1,268858,82
Independence Day,1996,"Action, Adventure, Sci-Fi",7.0,585668,
The Great Gatsby,2013,"Drama, Romance",7.2,564164,
Zootopia,2016,"Animation, Adventure, Comedy",8.0,514904,78
Coco,2017,"Animation, Adventure, Comedy",8.4,531704,81
Into the Wild,2007,"Adventure, Biography, Drama",8.1,634139,73
A Quiet Place,2018,"Drama, Horror, Sci-Fi",7.5,547722,82
Come September,1961,"Comedy, Romance",6.9,3852,
The Passion of the Christ,2004,Drama,7.2,239789,
MaXXXine,,Horror,,,
Love Actually,2003,"Comedy, Drama, Romance",7.6,502925,
Saw,2004,"Horror, Mystery, Thriller",7.6,434329,
Dungeons & Dragons,2000,"Action, Adventure, Fantasy",3.6,34983,
Howl's Moving Castle,2004,"Animation, Adventure, Family",8.2,410365,82
Pleasure,2021,Drama,6.4,19337,75
Pretty Woman,1990,"Comedy, Romance",7.1,336580,
Knight and Day,2010,"Action, Adventure, Comedy",6.3,202050,
Ad Astra,2019,"Adventure, Drama, Mystery",6.5,245696,80
The Devil's Advocate,1997,"Drama, Mystery, Thriller",7.5,383689,
The Parent Trap,1998,"Adventure, Comedy, Drama",6.6,144544,64
X-Men,2000,"Action, Adventure, Sci-Fi",7.3,626522,64
Thor: Ragnarok,2017,"Action, Adventure, Comedy",7.9,773610,74
The Last Duel,2021,"Action, Drama, History",7.4,164961,67
Wildflower,2022,"Comedy, Drama",6.5,557,
Watchmen,2009,"Action, Drama, Mystery",7.6,562106,
Shrek,2001,"Animation, Adventure, Comedy",7.9,698078,84
The Platform,2019,"Horror, Sci-Fi, Thriller",7.0,243576,73
Aladdin,2019,"Adventure, Comedy, Family",6.9,274715,
Irreversible,2002,"Crime, Drama, Mystery",7.3,140346,
Sin City,2005,"Crime, Thriller",8.0,778452,74
Edge of Tomorrow,2014,"Action, Adventure, Sci-Fi",7.9,697687,71
The Hobbit: An Unexpected Journey,2012,"Adventure, Fantasy",7.8,842893,
Argo,2012,"Biography, Drama, Thriller",7.7,624039,86
Little Miss Sunshine,2006,"Comedy, Drama",7.8,494417,80
Batman Returns,1992,"Action, Crime, Fantasy",7.1,313142,68
The Town,2010,"Crime, Drama, Thriller",7.5,400642,74
The Snowman,2017,"Crime, Drama, Thriller",5.1,68343,
Coraline,2009,"Animation, Drama, Family",7.7,242012,80
Guillermo del Toro's Pinocchio,2022,"Animation, Drama, Family",7.6,97771,79
Fear,2023,Horror,3.4,684,
The King,2019,"Biography, Drama, History",7.3,138006,62
The Stranger,2022,"Crime, Drama, Thriller",6.6,20852,74
The Bad Batch,2016,"Action, Horror, Mystery",5.2,33485,62
A Quiet Place Part II,2020,"Drama, Horror, Sci-Fi",7.2,246336,71
Event Horizon,1997,"Horror, Sci-Fi, Thriller",6.6,187619,
The Perks of Being a Wallflower,2012,Drama,7.9,525433,67
The Equalizer 2,2018,"Action, Crime, Thriller",6.7,168738,
Inside Out,2015,"Animation, Adventure, Comedy",8.1,734199,94
Road House,1989,"Action, Thriller",6.7,79994,
A Beautiful Mind,2001,"Biography, Drama",8.2,948730,72
After Ever Happy,2022,"Drama, Romance",4.5,7542,
Martyrs,2008,Horror,7.0,99348,
Die Hard,1988,"Action, Thriller",8.2,899908,72
Primal Fear,1996,"Crime, Drama, Mystery",7.7,231266,
Exodus: Gods and Kings,2014,"Action, Adventure, Drama",6.0,172624,
Poor Things,2023,"Romance, Sci-Fi",,,
Transformers: The Last Knight,2017,"Action, Adventure, Sci-Fi",5.2,157516,
Lady Chatterley's Lover,2022,"Drama, Romance",6.6,18667,67
White Chicks,2004,"Comedy, Crime",5.7,152581,
The In-Laws,1979,"Action, Adventure, Comedy",7.3,9274,69
Les Misérables,2012,"Drama, Musical, Romance",7.5,336053,63
Atonement,2007,"Drama, Mystery, Romance",7.8,286842,85
Friends with Benefits,2011,"Comedy, Romance",6.5,379083,63
House of Gucci,2021,"Biography, Crime, Drama",6.6,145074,
It Chapter Two,2019,"Drama, Fantasy, Horror",6.5,279001,
Vicky Cristina Barcelona,2008,"Comedy, Drama, Romance",7.1,261037,70
Thirteen,2003,Drama,6.8,92742,70
The Girl with the Dragon Tattoo,2011,"Crime, Drama, Mystery",7.8,473503,71
Clueless,1995,"Comedy, Romance",6.9,228859,68
"Lock, Stock and Two Smoking Barrels",1998,"Action, Comedy, Crime",8.1,594125,66
Ballerina,2024,"Action, Thriller",,,
Airplane!,1980,Comedy,7.7,248044,78
Infinite,2021,"Action, Sci-Fi, Thriller",5.4,55134,
Casino Royale,2006,"Action, Adventure, Thriller",8.0,669945,80
Unforgiven,1992,"Drama, Western",8.2,420104,85
Bring It On,2000,"Comedy, Romance, Sport",6.1,100005,
Ready or Not,2019,"Action, Comedy, Horror",6.8,162806,64
Sonic the Hedgehog,2020,"Action, Adventure, Comedy",6.5,146970,
Annie,1982,"Comedy, Drama, Family",6.6,47293,
We Need to Talk About Kevin,2011,"Drama, Mystery, Thriller",7.5,160323,68
Downfall,2004,"Biography, Drama, History",8.2,361819,82
Shotgun Wedding,2022,"Action, Comedy, Romance",5.4,30529,
Mummies,2023,"Animation, Comedy, Family",5.8,4616,
Sinister,2012,"Horror, Mystery, Thriller",6.8,262742,
Hidden Figures,2016,"Biography, Drama, History",7.8,239995,74
Annihilation,2018,"Adventure, Drama, Horror",6.8,338332,79
Cast Away,2000,"Adventure, Drama, Romance",7.8,608103,73
Contact,1997,"Drama, Mystery, Sci-Fi",7.5,282122,62
Beautiful Boy,2018,"Biography, Drama",7.3,85958,62
Venom,2018,"Action, Adventure, Sci-Fi",6.6,503550,
Nightcrawler,2014,"Crime, Drama, Thriller",7.8,567837,76
The Intern,2015,"Comedy, Drama",7.1,259914,
Dances with Wolves,1990,"Adventure, Drama, Western",8.0,275745,72
In Bruges,2008,"Comedy, Crime, Drama",7.9,444550,67
The Intouchables,2011,"Biography, Comedy, Drama",8.5,879552,
The Incredibles,2004,"Animation, Action, Adventure",8.0,759262,90
Scary Movie,2000,Comedy,6.2,270692,
The Social Network,2010,"Biography, Drama",7.8,721703,95
The Power of the Dog,2021,"Drama, Western",6.8,182145,89
The Lighthouse,2019,"Drama, Fantasy, Mystery",7.4,230231,83
Furious 7,2015,"Action, Crime, Thriller",7.1,398249,67
Toy Story,1995,"Animation, Adventure, Comedy",8.3,1015640,96
Home Alone,1990,"Comedy, Family",7.7,603308,63
Dawn of the Dead,2004,"Action, Horror",7.3,261900,
Boss Level,2020,"Action, Adventure, Comedy",6.8,72408,
The School for Good and Evil,2022,"Action, Comedy, Drama",5.8,31161,
Escape Room,2019,"Action, Adventure, Horror",6.4,130012,
Spotlight,2015,"Biography, Crime, Drama",8.1,481245,93
The Guest,2014,Thriller,6.7,103053,76
Finding Nemo,2003,"Animation, Adventure, Comedy",8.2,1064301,90
True Romance,1993,"Crime, Drama, Romance",7.9,232833,
Divergent,2014,"Action, Adventure, Mystery",6.6,470924,
Caligula,1979,"Drama, History",5.3,36897,
Incendies,2010,"Drama, Mystery",8.3,183322,80
It Follows,2014,"Horror, Mystery, Thriller",6.8,252073,83
To Kill a Mockingbird,1962,"Crime, Drama",8.3,321752,88
Pirates of the Caribbean: Dead Men Tell No Tales,2017,"Action, Adventure, Fantasy",6.5,323562,
Life Is Beautiful,1997,"Comedy, Drama, Romance",8.6,709721,
Star Trek,2009,"Action, Adventure, Sci-Fi",7.9,609811,82
The Man from U.N.C.L.E.,2015,"Action, Adventure, Comedy",7.2,319156,
Paradise City,2022,"Action, Thriller",3.6,1814,
Trainspotting,1996,Drama,8.1,700000,83
Red Notice,2021,"Action, Comedy, Thriller",6.3,289588,
Lie with Me,2005,"Drama, Romance",5.2,16063,
She Said,2022,"Drama, History",7.2,26806,74
The Green Knight,2021,"Adventure, Drama, Fantasy",6.6,107025,85
Love & Other Drugs,2010,"Comedy, Drama, Romance",6.7,210812,
The Wonder,2022,"Drama, Mystery, Thriller",6.6,36930,71
The Maze Runner,2014,"Action, Mystery, Sci-Fi",6.8,482540,
Tag,2018,"Action, Comedy",6.5,139151,
Marlowe,2022,"Crime, Mystery, Thriller",5.3,5437,
The Count of Monte Cristo,2002,"Action, Adventure, Drama",7.7,142302,61
Just Go with It,2011,"Comedy, Romance",6.4,252789,
Extraction,2020,"Action, Thriller",6.7,213228,
Gangs of New York,2002,"Crime, Drama",7.5,453358,72
The Devil Wears Prada,2006,"Comedy, Drama",6.9,434158,62
Pig,2021,"Drama, Mystery",6.9,80913,82
The Killing Fields,1984,"Biography, Drama, History",7.8,57137,76
Final Destination,2000,"Horror, Thriller",6.7,264865,
Men,2022,"Drama, Fantasy, Horror",6.1,50666,65
Rebel Moon,2023,"Action, Adventure, Drama",,,
The Jungle Book,2016,"Adventure, Drama, Family",7.4,283008,77
Hercules,1997,"Animation, Adventure, Comedy",7.3,240268,74
Erin Brockovich,2000,"Biography, Drama",7.4,206398,73
The Thing,2011,"Horror, Mystery, Sci-Fi",6.2,139147,
Man on Fire,2004,"Action, Crime, Drama",7.7,371377,
Chitty Chitty Bang Bang,1968,"Adventure, Family, Fantasy",6.9,48023,64
The Ritual Killer,2023,"Crime, Mystery, Thriller",4.4,3102,
Heavenly Creatures,1994,"Biography, Crime, Drama",7.3,65513,86
2 Fast 2 Furious,2003,"Action, Crime, Thriller",5.9,281630,
Bridesmaids,2011,"Comedy, Romance",6.8,298730,75
Apollo 13,1995,"Adventure, Drama, History",7.7,302779,77
Mission: Impossible,1996,"Action, Adventure, Thriller",7.1,437656,
Traffic,2000,"Crime, Drama, Thriller",7.6,212420,86
Destroy All Monsters,1968,"Action, Adventure, Sci-Fi",6.4,6867,
The Devil All the Time,2020,"Crime, Drama, Thriller",7.1,141879,
The Offering,2022,Horror,5.2,3543,
Passengers,2016,"Drama, Romance, Sci-Fi",7.0,420376,
Ponniyin Selvan: Part I,2022,"Action, Adventure, Drama",7.7,33263,
Enemy,2013,"Drama, Mystery, Thriller",6.9,201397,61
Gifted,2017,Drama,7.6,122295,
Happy Gilmore,1996,"Comedy, Sport",7.0,234580,
Frozen,2013,"Animation, Adventure, Comedy",7.4,638365,75
Secretary,2002,"Comedy, Drama, Romance",6.9,94420,63
The Bad Guys,2022,"Animation, Adventure, Comedy",6.8,48002,64
Us,2019,"Horror, Mystery, Thriller",6.8,314245,81
Army of the Dead,2021,"Action, Crime, Drama",5.7,177967,
This Is 40,2012,"Comedy, Drama, Romance",6.2,146042,
Tusk,2014,"Comedy, Horror",5.3,58078,
Wonder,2017,"Drama, Family",7.9,169993,66
Carrie,1976,"Horror, Mystery",7.4,194376,86
Emily the Criminal,2022,"Crime, Drama, Thriller",6.7,41877,75
Smokey and the Bandit,1977,"Action, Adventure, Comedy",7.0,53729,
Platoon,1986,"Drama, War",8.1,422637,92
Cruella,2021,"Adventure, Comedy, Crime",7.3,244014,
Blue Velvet,1986,"Crime, Drama, Mystery",7.7,205693,76
Tomorrowland,2015,"Action, Adventure, Family",6.4,186006,
Knowing,2009,"Action, Mystery, Sci-Fi",6.2,239943,
Casablanca,1942,"Drama, Romance, War",8.5,582433,100
Freaky,2020,"Comedy, Horror, Thriller",6.3,64511,67
Showgirls,1995,"Adult, Drama",5.0,70558,
The Revenant,2015,"Action, Adventure, Drama",8.0,826068,76
Twisters,2024,"Action, Adventure, Thriller",,,
Taken,2008,"Action, Crime, Thriller",7.8,613777,
Kill Boksoon,2023,"Action, Thriller",6.6,7794,67
A Knight's Tale,2001,"Action, Adventure, Romance",6.9,193015,
Oldboy,2013,"Action, Drama, Mystery",5.8,78093,
The Eight Mountains,2022,Drama,7.8,5242,79
The Mask,1994,"Action, Comedy, Crime",6.9,398173,
Thor,2011,"Action, Fantasy",7.0,866311,
Captain Marvel,2019,"Action, Adventure, Sci-Fi",6.8,577549,64
Identity,2003,"Mystery, Thriller",7.3,255961,64
The Curious Case of Benjamin Button,2008,"Drama, Fantasy, Romance",7.8,666645,70
13 Hours,2016,"Action, Drama, History",7.3,149795,
The Outfit,2022,"Crime, Drama, Mystery",7.2,52974,69
Asterix & Obelix: The Middle Kingdom,2023,"Adventure, Comedy, Family",4.8,3057,
Flight,2012,"Drama, Thriller",7.3,362827,76
Fantastic Four,2025,"Action, Adventure, Sci-Fi",,,
The Adam Project,2022,"Action, Adventure, Comedy",6.7,212938,
Closer,2004,"Drama, Romance",7.2,226867,65
Clue,1985,"Comedy, Crime, Mystery",7.2,101857,
The Warriors,1979,"Action, Crime, Thriller",7.6,105836,65
Million Dollar Baby,2004,"Drama, Sport",8.1,699005,86
Me Before You,2016,"Drama, Romance",7.4,265688,
Roald Dahl's Matilda the Musical,2022,"Comedy, Drama, Family",7.1,22734,72
Always Be My Maybe,2019,"Comedy, Romance",6.7,59510,64
The Lovely Bones,2009,"Drama, Fantasy, Thriller",6.6,173704,
Harry Potter and the Deathly Hallows: Part 1,2010,"Adventure, Family, Fantasy",7.7,566474,65
L.A. Confidential,1997,"Crime, Drama, Mystery",8.2,592245,91
El Camino: A Breaking Bad Movie,2019,"Action, Crime, Drama",7.3,265936,72
About a Boy,2002,"Comedy, Drama, Romance",7.1,187469,75
The Killing of a Sacred Deer,2017,"Drama, Horror, Mystery",7.0,163645,73
About My Father,2023,Comedy,,,
Avengers: Age of Ultron,2015,"Action, Adventure, Sci-Fi",7.3,883454,66
Ghostbusters,1984,"Action, Comedy, Fantasy",7.8,424949,71
Crash,1996,Drama,6.4,63232,
Ocean's Eleven,2001,"Crime, Thriller",7.7,590078,74
Nocturnal Animals,2016,"Drama, Thriller",7.5,288776,67
The Descent,2005,"Adventure, Horror, Thriller",7.2,232676,71
Nightmare Alley,2021,"Crime, Drama, Thriller",7.0,152429,70
X-Men: Apocalypse,2016,"Action, Adventure, Sci-Fi",6.9,445065,
Coherence,2013,"Drama, Mystery, Sci-Fi",7.2,135458,65
Kung Fu Panda,2008,"Animation, Action, Adventure",7.6,487364,74
Scent of a Woman,1992,Drama,8.0,308971,
Thunderbolts,2024,"Action, Adventure, Crime",,,
Battleship,2012,"Action, Adventure, Sci-Fi",5.8,251948,
Teen Wolf: The Movie,2023,"Action, Drama, Fantasy",5.5,11663,
Looper,2012,"Action, Drama, Sci-Fi",7.4,586259,84
Jerry and Marge Go Large,2022,"Biography, Comedy, Drama",6.9,17057,
"Monsters, Inc.",2001,"Animation, Adventure, Comedy",8.1,929943,79
Hellraiser,2022,"Horror, Mystery, Thriller",6.0,41253,
Constantine,2005,"Action, Fantasy, Horror",7.0,357500,
Crimes of the Future,2022,"Drama, Horror, Sci-Fi",5.9,34544,67
Zero Dark Thirty,2012,"Drama, History, Thriller",7.4,308615,95
Pacific Rim,2013,"Action, Adventure, Sci-Fi",6.9,512351,65
Cliffhanger,1993,"Action, Adventure, Thriller",6.5,134160,
U Turn,2023,"Crime, Drama, Horror",7.3,2779,
See How They Run,2022,"Comedy, Crime, Mystery",6.5,54603,
Your Place or Mine,2023,"Comedy, Romance",5.6,31819,
Vengeance,2022,"Comedy, Music, Mystery",6.8,26645,65
The Princess Diaries,2001,"Comedy, Family, Romance",6.4,153216,
Devotion,2022,"Action, Drama, War",6.6,21259,66
Jack Reacher,2012,"Action, Mystery, Thriller",7.0,349277,
Unfaithful,2002,"Drama, Romance, Thriller",6.7,92587,63
The Birds,1963,"Drama, Horror, Mystery",7.6,195568,90
The Mist,2007,"Horror, Sci-Fi, Thriller",7.1,321855,
Tropic Thunder,2008,"Action, Comedy, War",7.1,428465,71
The Wedding Singer,1998,"Comedy, Music, Romance",6.9,155648,
Moonrise Kingdom,2012,"Comedy, Drama, Family",7.8,356461,84
Easy A,2010,"Comedy, Drama, Romance",7.0,401032,72
Wild Things,1998,"Crime, Drama, Mystery",6.6,124704,
Kingdom of Heaven,2005,"Action, Adventure, Drama",7.2,296299,63
Beast,2022,"Action, Adventure, Drama",5.6,33466,
In Time,2011,"Action, Sci-Fi, Thriller",6.7,422150,
Morbius,2022,"Action, Adventure, Horror",5.2,136036,
Tangled,2010,"Animation, Adventure, Comedy",7.7,467861,71
Fast Five,2011,"Action, Crime, Thriller",7.3,389704,66
TRON: Legacy,2010,"Action, Adventure, Sci-Fi",6.8,344916,
Wonder Woman,2017,"Action, Adventure, Fantasy",7.4,673134,76
Caddyshack,1980,"Comedy, Sport",7.2,122021,
How to Train Your Dragon,2010,"Animation, Action, Adventure",8.1,759419,75
Indiana Jones and the Temple of Doom,1984,"Action, Adventure",7.5,502370,
Ved,2022,"Drama, Romance",7.4,3399,
Ted,2012,Comedy,6.9,628383,62
Spaceballs,1987,"Adventure, Comedy, Sci-Fi",7.1,197035,
Before Sunrise,1995,"Drama, Romance",8.1,319484,77
Moonfall,2022,"Action, Adventure, Sci-Fi",5.1,87531,
Children of Men,2006,"Action, Drama, Sci-Fi",7.9,510852,84
Gerald's Game,2017,"Drama, Horror, Thriller",6.5,116277,77
The Girl Next Door,2004,"Comedy, Drama, Romance",6.7,229500,
Napoleon Dynamite,2004,Comedy,6.9,227043,64
The Game,1997,"Drama, Mystery, Thriller",7.7,408317,63
Mrs. Harris Goes to Paris,2022,"Comedy, Drama",7.1,18758,70
Red Dragon,2002,"Crime, Drama, Thriller",7.2,280871,
Lady Bird,2017,"Comedy, Drama",7.4,303283,93
Decision to Leave,2022,"Crime, Drama, Mystery",7.3,41229,84
Vanilla Sky,2001,"Fantasy, Mystery, Romance",6.9,275484,
Moulin Rouge!,2001,"Drama, Musical, Romance",7.6,290944,66
The Rock,1996,"Action, Adventure, Thriller",7.4,346398,
Orphan,2009,"Horror, Mystery, Thriller",7.0,238644,
Sleepy Hollow,1999,"Fantasy, Horror, Mystery",7.3,369342,65
V for Vendetta,2005,"Action, Drama, Sci-Fi",8.2,1139131,62
Hot Fuzz,2007,"Action, Comedy, Mystery",7.8,516290,81
Indiana Jones and the Last Crusade,1989,"Action, Adventure",8.2,769541,65
Shooter,2007,"Action, Drama, Thriller",7.1,341479,
A Simple Favor,2018,"Comedy, Crime, Mystery",6.8,154453,67
Predator,1987,"Action, Adventure, Horror",7.8,433562,
Smokin' Aces,2006,"Action, Comedy, Crime",6.6,148405,
Last Voyage of the Demeter,2023,"Fantasy, Horror",,,
Under the Skin,2013,"Drama, Horror, Mystery",6.3,149001,80
Jurassic World,2015,"Action, Adventure, Sci-Fi",6.9,655851,
She's All That,1999,"Comedy, Romance",5.9,99409,
Remember the Titans,2000,"Biography, Drama, Sport",7.8,221838,
Creed,2015,"Action, Drama, Sport",7.6,295826,82
Hostiles,2017,"Drama, Western",7.2,89645,65
Transformers: Age of Extinction,2014,"Action, Adventure, Sci-Fi",5.6,320320,
Memories of Murder,2003,"Crime, Drama, Mystery",8.1,194948,82
Legally Blonde,2001,"Comedy, Romance",6.4,228624,
Train to Busan,2016,"Action, Horror, Thriller",7.6,233591,73
Stardust,2007,"Adventure, Family, Fantasy",7.6,277165,66
Doctor Sleep,2019,"Drama, Fantasy, Horror",7.3,201165,
Captain America: Civil War,2016,"Action, Sci-Fi",7.8,809403,75
The Place Beyond the Pines,2012,"Crime, Drama, Thriller",7.3,276609,68
E.T.,1982,"Adventure, Family, Sci-Fi",7.9,420039,91
Wedding Crashers,2005,"Comedy, Romance",7.0,364458,64
Suspiria,2018,"Drama, Fantasy, Horror",6.7,84085,64
Resident Evil,2002,"Action, Horror, Sci-Fi",6.6,278160,
Army of Thieves,2021,"Action, Comedy, Crime",6.4,81854,
The Bourne Identity,2002,"Action, Mystery, Thriller",7.9,557955,68
Blue Beetle,2023,"Action, Adventure, Sci-Fi",,,
Do Revenge,2022,Comedy,6.3,43442,66
Mother!,2017,"Drama, Horror, Mystery",6.6,235178,75
The Matchmaker,2023,"Drama, Mystery, Thriller",3.9,271,
The Faculty,1998,"Horror, Mystery, Sci-Fi",6.6,128322,61
Silent Hours,2021,"Crime, Thriller",5.3,1338,
A Star Is Born,2018,"Drama, Music, Romance",7.6,396755,88
Mrs Undercover,2023,"Action, Comedy",6.4,8838,
Terminator: Dark Fate,2019,"Action, Adventure, Sci-Fi",6.2,184029,
Grown Ups,2010,Comedy,5.9,260061,
Harry Potter and the Order of the Phoenix,2007,"Action, Adventure, Family",7.5,599711,71
Gattaca,1997,"Drama, Sci-Fi, Thriller",7.8,311697,64
Spider-Man 3,2007,"Action, Adventure, Sci-Fi",6.3,606255,
Gone with the Wind,1939,"Drama, Romance, War",8.2,321933,97
Speak No Evil,2022,"Drama, Horror, Thriller",6.6,26547,78
6 Underground,2019,"Action, Thriller",6.1,184751,
Elysium,2013,"Action, Drama, Sci-Fi",6.6,456866,61
Patriots Day,2016,"Action, Crime, Drama",7.3,107264,69
Triple Frontier,2019,"Action, Thriller",6.4,135555,61
Ambulance,2022,"Action, Crime, Drama",6.1,82304,
Kick-Ass,2010,"Action, Comedy, Crime",7.6,574424,66
Robin Hood: Prince of Thieves,1991,"Action, Adventure, Drama",6.9,200229,
But I'm a Cheerleader,1999,"Comedy, Drama, Romance",6.7,36054,
Godzilla x Kong: The New Empire,2024,"Action, Adventure, Sci-Fi",,,
A Little Game,2014,"Adventure, Family",6.3,697,
Boiling Point,2021,"Drama, Thriller",7.5,33378,73
Riddick,2013,"Action, Adventure, Sci-Fi",6.4,172475,
Snowpiercer,2013,"Action, Drama, Sci-Fi",7.1,371083,84
Yesterday,2019,"Comedy, Fantasy, Music",6.8,158748,
Blazing Saddles,1974,"Comedy, Western",7.7,144312,73
The Last of the Mohicans,1992,"Action, Adventure, Drama",7.7,177055,76
The Day After Tomorrow,2004,"Action, Adventure, Sci-Fi",6.4,459236,
Harry Potter and the Half-Blood Prince,2009,"Action, Adventure, Family",7.6,562794,78
Footloose,1984,"Drama, Music, Romance",6.6,85493,
Polar,2019,"Action, Thriller",6.3,93951,
300: Rise of an Empire,2014,"Action, Drama",6.2,307440,
Willy Wonka & the Chocolate Factory,1971,"Family, Fantasy, Musical",7.8,208832,67
Blade,1998,"Action, Horror, Sci-Fi",7.1,283816,
Percy Jackson & the Olympians: The Lightning Thief,2010,"Adventure, Family, Fantasy",5.8,193609,
The Road Dance,2021,Drama,7.1,650,
The Blind Side,2009,"Biography, Drama, Sport",7.6,343448,
The Lives of Others,2006,"Drama, Mystery, Thriller",8.4,396087,89
Turning Red,2022,"Animation, Adventure, Comedy",7.0,133633,83
Inherent Vice,2014,"Comedy, Crime, Drama",6.6,107330,81
The Ministry of Ungentlemanly Warfare,2024,"Drama, War",,,
Richard Jewell,2019,"Biography, Crime, Drama",7.5,92108,68
The Karate Kid,1984,"Action, Drama, Family",7.3,232554,
Countdown,2019,"Horror, Thriller",5.4,41453,
DC League of Super-Pets,2022,"Animation, Action, Adventure",7.1,68942,
Extraction 2,2023,"Action, Thriller",,,
Bumblebee,2018,"Action, Adventure, Sci-Fi",6.7,173124,66
Chinatown,1974,"Drama, Mystery, Thriller",8.2,334055,92
Step Brothers,2008,Comedy,6.9,304525,
28 Days Later,2002,"Drama, Horror, Sci-Fi",7.5,424352,73
Haunted Mansion,2023,"Comedy, Drama, Family",,,
Gaslight,2023,"Crime, Mystery, Thriller",7.4,23560,
Bholaa,2023,"Action, Adventure, Crime",7.4,16554,
Men in Black,1997,"Action, Adventure, Comedy",7.3,583170,71
Pokémon: Detective Pikachu,2019,"Action, Adventure, Comedy",6.5,171091,
The Lost Boys,1987,"Comedy, Horror",7.2,149755,63
District 9,2009,"Action, Sci-Fi, Thriller",7.9,693962,81
Avengers: The Kang Dynasty,2025,"Action, Adventure, Sci-Fi",,,
It Ends with Us,,"Drama, Romance",,,
Meet Joe Black,1998,"Drama, Fantasy, Romance",7.2,251570,
Kindergarten Cop,1990,"Action, Comedy, Crime",6.2,154999,61
Batman v Superman: Dawn of Justice,2016,"Action, Adventure, Sci-Fi",6.4,711227,
Fifty Shades Freed,2018,"Drama, Romance, Thriller",4.5,68890,
Burnt,2015,"Comedy, Drama",6.6,125583,
The House Bunny,2008,Comedy,5.5,86523,
The Worst Person in the World,2021,"Comedy, Drama, Romance",7.8,79255,90
Kong: Skull Island,2017,"Action, Adventure, Fantasy",6.6,329179,62
The Graduate,1967,"Comedy, Drama, Romance",8.0,279549,83
Amadeus,1984,"Biography, Drama, Music",8.4,409046,88
Police Academy,1984,Comedy,6.7,131164,
Sonic the Hedgehog 3,2024,"Animation, Action, Adventure",,,
Holes,2003,"Adventure, Comedy, Drama",7.0,93774,71
Perfume: The Story of a Murderer,2006,"Crime, Drama, Fantasy",7.5,257377,
Tremors,1990,"Comedy, Horror",7.1,142835,65
Life,2017,"Horror, Sci-Fi, Thriller",6.6,239172,
Lost in Translation,2003,"Comedy, Drama",7.7,466486,91
Natural Born Killers,1994,"Action, Crime, Drama",7.2,241774,74
King Kong,2005,"Action, Adventure, Drama",7.2,432675,81
Mission: Impossible III,2006,"Action, Adventure, Thriller",6.9,365660,66
Once Upon a Time in the West,1968,Western,8.5,336495,82
Up,2009,"Animation, Adventure, Comedy",8.3,1066875,88
Official Secrets,2019,"Biography, Crime, Drama",7.3,50566,63
500 Days of Summer,2009,"Comedy, Drama, Romance",7.7,529610,76
Silver Linings Playbook,2012,"Comedy, Drama, Romance",7.7,720690,81
Labyrinth,1986,"Adventure, Family, Fantasy",7.3,142619,
